-- -----------------------------------------------------------------------------
--       TABLE : REGION
-- -----------------------------------------------------------------------------

INSERT INTO REGION(NOM_REGION) VALUES('Ile de France / Paris');
INSERT INTO REGION(NOM_REGION) VALUES('Nord');
INSERT INTO REGION(NOM_REGION) VALUES('Est');
INSERT INTO REGION(NOM_REGION) VALUES('Centre');
INSERT INTO REGION(NOM_REGION) VALUES('Ouest');
INSERT INTO REGION(NOM_REGION) VALUES('Sud');

-- -----------------------------------------------------------------------------
--       TABLE : CATEGORIE_SPECTACLE
-- -----------------------------------------------------------------------------

INSERT INTO CATEGORIE_SPECTACLE(NOM_CAT) VALUES('Concert');
INSERT INTO CATEGORIE_SPECTACLE(NOM_CAT) VALUES('Spectacle');
INSERT INTO CATEGORIE_SPECTACLE(NOM_CAT) VALUES('Théâtre');

-- -----------------------------------------------------------------------------
--       TABLE : CATEGORIE_PLACE
-- -----------------------------------------------------------------------------

INSERT INTO CATEGORIE_PLACE(LIB_CAT) VALUES('CARRE OR');
INSERT INTO CATEGORIE_PLACE(LIB_CAT) VALUES('CAT1');
INSERT INTO CATEGORIE_PLACE(LIB_CAT) VALUES('CAT2');
INSERT INTO CATEGORIE_PLACE(LIB_CAT) VALUES('CAT3');

-- -----------------------------------------------------------------------------
--       TABLE : REPRESENTATION
-- -----------------------------------------------------------------------------

INSERT INTO REPRESENTATION(NUM_SPECTACLE,NUM_REPRESENTATION,NUM_CONFIG,NUM_SALLE,DATE_REPRESENTATION,DATE_OUVERTURE_RESERVATION,NOM_SALLE,NOM_SPECTACLE) 
VALUES(1,1,1,1,'24/10/12','03/06/12','HOTEL CASINO BARRIERE','Le lac des signes');
INSERT INTO REPRESENTATION(NUM_SPECTACLE,NUM_REPRESENTATION,NUM_CONFIG,NUM_SALLE,DATE_REPRESENTATION,DATE_OUVERTURE_RESERVATION,NOM_SALLE,NOM_SPECTACLE) 
VALUES(1,2,5,2,'10/11/12','03/06/12','AXONE','Le lac des signes');
INSERT INTO REPRESENTATION(NUM_SPECTACLE,NUM_REPRESENTATION,NUM_CONFIG,NUM_SALLE,DATE_REPRESENTATION,DATE_OUVERTURE_RESERVATION,NOM_SALLE,NOM_SPECTACLE) 
VALUES(1,3,4,2,'12/11/12','03/06/12','AXONE','Le lac des signes');
INSERT INTO REPRESENTATION(NUM_SPECTACLE,NUM_REPRESENTATION,NUM_CONFIG,NUM_SALLE,DATE_REPRESENTATION,DATE_OUVERTURE_RESERVATION,NOM_SALLE,NOM_SPECTACLE) 
VALUES(1,4,4,2,'13/11/12','03/06/12','AXONE','Le lac des signes');
INSERT INTO REPRESENTATION(NUM_SPECTACLE,NUM_REPRESENTATION,NUM_CONFIG,NUM_SALLE,DATE_REPRESENTATION,DATE_OUVERTURE_RESERVATION,NOM_SALLE,NOM_SPECTACLE) 
VALUES(1,5,8,4,'10/12/12','03/06/12','ARENES DE NIMES','Le lac des signes');
INSERT INTO REPRESENTATION(NUM_SPECTACLE,NUM_REPRESENTATION,NUM_CONFIG,NUM_SALLE,DATE_REPRESENTATION,DATE_OUVERTURE_RESERVATION,NOM_SALLE,NOM_SPECTACLE) 
VALUES(2,6,7,3,'26/07/12','14/06/12','PALAIS OMNISPORT DE PARIS BERCY','Jonny Hallyday');
INSERT INTO REPRESENTATION(NUM_SPECTACLE,NUM_REPRESENTATION,NUM_CONFIG,NUM_SALLE,DATE_REPRESENTATION,DATE_OUVERTURE_RESERVATION,NOM_SALLE,NOM_SPECTACLE) 
VALUES(2,7,7,3,'28/07/12','14/06/12','PALAIS OMNISPORT DE PARIS BERCY','Jonny Hallyday');
INSERT INTO REPRESENTATION(NUM_SPECTACLE,NUM_REPRESENTATION,NUM_CONFIG,NUM_SALLE,DATE_REPRESENTATION,DATE_OUVERTURE_RESERVATION,NOM_SALLE,NOM_SPECTACLE) 
VALUES(2,8,7,3,'12/08/12','14/06/12','PALAIS OMNISPORT DE PARIS BERCY','Jonny Hallyday');
INSERT INTO REPRESENTATION(NUM_SPECTACLE,NUM_REPRESENTATION,NUM_CONFIG,NUM_SALLE,DATE_REPRESENTATION,DATE_OUVERTURE_RESERVATION,NOM_SALLE,NOM_SPECTACLE) 
VALUES(2,9,7,3,'16/11/12','14/06/12','PALAIS OMNISPORT DE PARIS BERCY','Jonny Hallyday');
INSERT INTO REPRESENTATION(NUM_SPECTACLE,NUM_REPRESENTATION,NUM_CONFIG,NUM_SALLE,DATE_REPRESENTATION,DATE_OUVERTURE_RESERVATION,NOM_SALLE,NOM_SPECTACLE) 
VALUES(3,10,4,2,'05/07/12','02/05/12','AXONE','Lenny Kravitz');
INSERT INTO REPRESENTATION(NUM_SPECTACLE,NUM_REPRESENTATION,NUM_CONFIG,NUM_SALLE,DATE_REPRESENTATION,DATE_OUVERTURE_RESERVATION,NOM_SALLE,NOM_SPECTACLE) 
VALUES(3,11,6,2,'10/07/12','02/05/12','AXONE','Lenny Kravitz');
INSERT INTO REPRESENTATION(NUM_SPECTACLE,NUM_REPRESENTATION,NUM_CONFIG,NUM_SALLE,DATE_REPRESENTATION,DATE_OUVERTURE_RESERVATION,NOM_SALLE,NOM_SPECTACLE) 
VALUES(3,12,10,6,'15/07/12','02/05/12','ZENITH NANTES METROPOLE','Lenny Kravitz');
INSERT INTO REPRESENTATION(NUM_SPECTACLE,NUM_REPRESENTATION,NUM_CONFIG,NUM_SALLE,DATE_REPRESENTATION,DATE_OUVERTURE_RESERVATION,NOM_SALLE,NOM_SPECTACLE) 
VALUES(3,13,9,5,'09/08/12','02/05/12','OPERA DE VICHY','Lenny Kravitz');
INSERT INTO REPRESENTATION(NUM_SPECTACLE,NUM_REPRESENTATION,NUM_CONFIG,NUM_SALLE,DATE_REPRESENTATION,DATE_OUVERTURE_RESERVATION,NOM_SALLE,NOM_SPECTACLE) 
VALUES(4,14,7,3,'22/09/12','01/01/12','PALAIS OMNISPORT DE PARIS BERCY','Lady Gaga');
INSERT INTO REPRESENTATION(NUM_SPECTACLE,NUM_REPRESENTATION,NUM_CONFIG,NUM_SALLE,DATE_REPRESENTATION,DATE_OUVERTURE_RESERVATION,NOM_SALLE,NOM_SPECTACLE) 
VALUES(4,15,4,2,'04/10/12','01/01/12','AXONE','Lady Gaga');
INSERT INTO REPRESENTATION(NUM_SPECTACLE,NUM_REPRESENTATION,NUM_CONFIG,NUM_SALLE,DATE_REPRESENTATION,DATE_OUVERTURE_RESERVATION,NOM_SALLE,NOM_SPECTACLE) 
VALUES(5,16,4,2,'06/07/12','01/02/12','AXONE','Guns N\'Roses');
INSERT INTO REPRESENTATION(NUM_SPECTACLE,NUM_REPRESENTATION,NUM_CONFIG,NUM_SALLE,DATE_REPRESENTATION,DATE_OUVERTURE_RESERVATION,NOM_SALLE,NOM_SPECTACLE) 
VALUES(5,17,10,6,'05/08/12','01/02/12','ZENITH NANTES METROPOLE','Guns N\'Roses');
INSERT INTO REPRESENTATION(NUM_SPECTACLE,NUM_REPRESENTATION,NUM_CONFIG,NUM_SALLE,DATE_REPRESENTATION,DATE_OUVERTURE_RESERVATION,NOM_SALLE,NOM_SPECTACLE) 
VALUES(6,18,4,2,'10/07/12','01/03/12','AXONE','Radiohead');
INSERT INTO REPRESENTATION(NUM_SPECTACLE,NUM_REPRESENTATION,NUM_CONFIG,NUM_SALLE,DATE_REPRESENTATION,DATE_OUVERTURE_RESERVATION,NOM_SALLE,NOM_SPECTACLE) 
VALUES(6,19,10,6,'05/08/12','01/03/12','ZENITH NANTES METROPOLE','Radiohead');
INSERT INTO REPRESENTATION(NUM_SPECTACLE,NUM_REPRESENTATION,NUM_CONFIG,NUM_SALLE,DATE_REPRESENTATION,DATE_OUVERTURE_RESERVATION,NOM_SALLE,NOM_SPECTACLE) 
VALUES(7,20,5,2,'06/07/12','01/02/12','AXONE','Florence Foresti');
INSERT INTO REPRESENTATION(NUM_SPECTACLE,NUM_REPRESENTATION,NUM_CONFIG,NUM_SALLE,DATE_REPRESENTATION,DATE_OUVERTURE_RESERVATION,NOM_SALLE,NOM_SPECTACLE) 
VALUES(7,21,2,1,'05/08/12','01/02/12','HOTEL CASINO BARRIERE','Florence Foresti');
INSERT INTO REPRESENTATION(NUM_SPECTACLE,NUM_REPRESENTATION,NUM_CONFIG,NUM_SALLE,DATE_REPRESENTATION,DATE_OUVERTURE_RESERVATION,NOM_SALLE,NOM_SPECTACLE) 
VALUES(8,22,4,2,'26/07/12','23/02/12','AXONE','Dracula');
INSERT INTO REPRESENTATION(NUM_SPECTACLE,NUM_REPRESENTATION,NUM_CONFIG,NUM_SALLE,DATE_REPRESENTATION,DATE_OUVERTURE_RESERVATION,NOM_SALLE,NOM_SPECTACLE) 
VALUES(8,23,3,1,'02/08/12','23/02/12','HOTEL CASINO BARRIERE','Dracula');
INSERT INTO REPRESENTATION(NUM_SPECTACLE,NUM_REPRESENTATION,NUM_CONFIG,NUM_SALLE,DATE_REPRESENTATION,DATE_OUVERTURE_RESERVATION,NOM_SALLE,NOM_SPECTACLE) 
VALUES(9,24,9,5,'23/07/12','05/02/12','OPERA DE VICHY','Ils se re-aiment');
INSERT INTO REPRESENTATION(NUM_SPECTACLE,NUM_REPRESENTATION,NUM_CONFIG,NUM_SALLE,DATE_REPRESENTATION,DATE_OUVERTURE_RESERVATION,NOM_SALLE,NOM_SPECTACLE) 
VALUES(9,25,7,3,'04/01/13','05/02/12','PALAIS OMNISPORT DE PARIS BERCY','Ils se re-aiment');
INSERT INTO REPRESENTATION(NUM_SPECTACLE,NUM_REPRESENTATION,NUM_CONFIG,NUM_SALLE,DATE_REPRESENTATION,DATE_OUVERTURE_RESERVATION,NOM_SALLE,NOM_SPECTACLE) 
VALUES(10,26,9,5,'01/07/12','05/02/12','OPERA DE VICHY','Les chevaliers du fiel');
INSERT INTO REPRESENTATION(NUM_SPECTACLE,NUM_REPRESENTATION,NUM_CONFIG,NUM_SALLE,DATE_REPRESENTATION,DATE_OUVERTURE_RESERVATION,NOM_SALLE,NOM_SPECTACLE) 
VALUES(10,27,7,3,'04/08/12','05/02/12','PALAIS OMNISPORT DE PARIS BERCY','Les chevaliers du fiel');
INSERT INTO REPRESENTATION(NUM_SPECTACLE,NUM_REPRESENTATION,NUM_CONFIG,NUM_SALLE,DATE_REPRESENTATION,DATE_OUVERTURE_RESERVATION,NOM_SALLE,NOM_SPECTACLE) 
VALUES(11,28,4,2,'01/07/12','05/05/12','AXONE','Voca people');
INSERT INTO REPRESENTATION(NUM_SPECTACLE,NUM_REPRESENTATION,NUM_CONFIG,NUM_SALLE,DATE_REPRESENTATION,DATE_OUVERTURE_RESERVATION,NOM_SALLE,NOM_SPECTACLE) 
VALUES(11,29,1,1,'24/10/12','05/05/12','HOTEL CASINO BARRIERE','Voca people');


-- -----------------------------------------------------------------------------
--       TABLE : SALLE_CONFIGUREE
-- -----------------------------------------------------------------------------

INSERT INTO SALLE_CONFIGUREE(NUM_CONFIG,NUM_SALLE,DESC_CONFIG) 
VALUES(1,1,'Utilisation des gradins: 950 places');
INSERT INTO SALLE_CONFIGUREE(NUM_CONFIG,NUM_SALLE,DESC_CONFIG) 
VALUES(2,1,'Utilisation des gradins et mezzanine: 1050 places');
INSERT INTO SALLE_CONFIGUREE(NUM_CONFIG,NUM_SALLE,DESC_CONFIG) 
VALUES(3,1,'1200 places');
INSERT INTO SALLE_CONFIGUREE(NUM_CONFIG,NUM_SALLE,DESC_CONFIG) 
VALUES(4,2,'Assis-debout: 3000 places');
INSERT INTO SALLE_CONFIGUREE(NUM_CONFIG,NUM_SALLE,DESC_CONFIG) 
VALUES(5,2,'Assis-debout: 4000 places');
INSERT INTO SALLE_CONFIGUREE(NUM_CONFIG,NUM_SALLE,DESC_CONFIG) 
VALUES(6,2,'Tout assis: 5000 places');
INSERT INTO SALLE_CONFIGUREE(NUM_CONFIG,NUM_SALLE,DESC_CONFIG) 
VALUES(7,3,'17000 places libres');
INSERT INTO SALLE_CONFIGUREE(NUM_CONFIG,NUM_SALLE,DESC_CONFIG) 
VALUES(8,4,'23000 places libres');
INSERT INTO SALLE_CONFIGUREE(NUM_CONFIG,NUM_SALLE,DESC_CONFIG) 
VALUES(9,5,'1400 places libres');
INSERT INTO SALLE_CONFIGUREE(NUM_CONFIG,NUM_SALLE,DESC_CONFIG) 
VALUES(10,6,'8500 places libres');

-- -----------------------------------------------------------------------------
--       TABLE : SALLE
-- -----------------------------------------------------------------------------

INSERT INTO SALLE(NUM_SALLE,NOM_REGION,NOM_SALLE,NUMERO_RUE_SALLE,
	RUE_SALLE,CP_SALLE,VILLE_SALLE,CAPACITE_MAX_SALLE,DESCRIPTION_SALLE) 
VALUES(1,'Nord','HOTEL CASINO BARRIERE',777,'Pont de Flandres',59777,'LILLE',1200,'Le théâtre de 
	l\'Hôtel Casino Barrière d\'une capacité de 1200 places, propose ainsi à son public de 
	profiter tout au long de l\'année d\'une programmation variée : humour, variété française 
	et internationale, jazz, cirque, comédie musicale...');

INSERT INTO SALLE(NUM_SALLE,NOM_REGION,NOM_SALLE,NUMERO_RUE_SALLE,
	RUE_SALLE,CP_SALLE,VILLE_SALLE,CAPACITE_MAX_SALLE,DESCRIPTION_SALLE) 
VALUES(2,'Est','AXONE',6,'rue du commandant rossel',25200,'MONTBELIARD',5000,
	'L\'ensemble des partenaires de l\'Aire Urbaine Belfort-Montbéliard-Héricourt-Delle 
	a confié à la Communauté d\'Agglomération du Pays de Montbéliard, l\'édification de 
	l\'Axone, grand équipement culturel et sportif, à l\'échelle de son territoire.');

INSERT INTO SALLE(NUM_SALLE,NOM_REGION,NOM_SALLE,NUMERO_RUE_SALLE,
	RUE_SALLE,CP_SALLE,VILLE_SALLE,CAPACITE_MAX_SALLE,DESCRIPTION_SALLE) 
VALUES(3,'Ile de France / Paris','PALAIS OMNISPORT DE PARIS BERCY',8,'bd de Bercy',75012,'PARIS',18000,
	'C\'est en 1983 que la construction du Palais omnisports de paris Bercy s\'achève, 
	dévoilant un ouvrage colossal et unique. La salle possède en effet jusqu\'à 17 000 
	places dans sa capacité maximale. La conception architecturale du Palais omnisports 
	de paris Bercy permet une visibilité parfaite de chacune des places puisqu\'il n\'y 
	a aucun poteau porteur dans les gradins : une vraie prouesse technique ! L\'extérieur
	 est lui parfaitement reconnaissable au premier coup d\'oeil grâce à sa structure 
	 pyramidale et ses parois en pente recouvertes de pelouse.');

INSERT INTO SALLE(NUM_SALLE,NOM_REGION,NOM_SALLE,
	RUE_SALLE,CP_SALLE,VILLE_SALLE,CAPACITE_MAX_SALLE,DESCRIPTION_SALLE) 
VALUES(4,'Sud','ARENES DE NIMES','Rd point des Arenes',30000,'NIMES',23000,
	'De la même forme ovale que le Colisée de Rome, l’amphithéâtre de Nîmes, 
	construit à la fin du Ier siècle après J.-C., est composé de deux niveaux 
	de soixante arcades superposées ainsi que d’un attique.  A l’époque antique, 
	plus de 23 000 personnes pouvaient prendre place sur les gradins des arènes 
	de Nîmes pour assister à des chasses ou à des combats d’animaux ou de gladiateurs. ');

INSERT INTO SALLE(NUM_SALLE,NOM_REGION,NOM_SALLE,NUMERO_RUE_SALLE,
	RUE_SALLE,CP_SALLE,VILLE_SALLE,CAPACITE_MAX_SALLE,DESCRIPTION_SALLE) 
VALUES(5,'Centre','OPERA DE VICHY',1,'Rue du Casino',03200,'VICHY',1400,
	'Inaugurée en 1903, la salle de l’Opéra de Vichy, l’un des plus beaux Opéras d’Europe, 
	pur joyau de style Art nouveau, unique en France, se prête à toutes les manifestations 
	lyriques et chorégraphiques. Elle présente dans une harmonie or et ivoire, une 
	merveilleuse décoration de masques, de lyres, de visages et de fleurs. ');

INSERT INTO SALLE(NUM_SALLE,NOM_REGION,NOM_SALLE,
	RUE_SALLE,CP_SALLE,VILLE_SALLE,CAPACITE_MAX_SALLE,DESCRIPTION_SALLE) 
VALUES(6,'Ouest','ZENITH NANTES METROPOLE','ZAC D\'AR MOR',44800,'ST HERBLAIN',8500,
	'Le Zénith de Nantes, inauguré à la fin 2006, outre le fait d\'être une très grande 
	salle, est capable d\'accueillir des spectacles d\'une qualité exceptionnelle, 
	notamment des grandes tournées nationales et internationales.
	Doté de 8500 places, le Zénith Nantes Métropole propose des concerts de variété 
	française et internationale, programme humoristes, spectacles musicaux, cirque, 
	spectacles de danse, manifestations pour jeune public...');

-- -----------------------------------------------------------------------------
--       TABLE : SPECTACLE
-- -----------------------------------------------------------------------------

INSERT INTO SPECTACLE(NUM_SPECT,NOM_CAT,NOM_SPECT,DATE_DEBUT_SPECT,DATE_FIN_SPECT) 
VALUES)(1,'Spectacle','Le lac des signes','24/10/12','09/04/13');
INSERT INTO SPECTACLE(NUM_SPECT,NOM_CAT,NOM_SPECT,DATE_DEBUT_SPECT,DATE_FIN_SPECT) 
VALUES)(2,'Concert','Jonny Hallyday','26/07/12','22/12/12');
INSERT INTO SPECTACLE(NUM_SPECT,NOM_CAT,NOM_SPECT,DATE_DEBUT_SPECT,DATE_FIN_SPECT) 
VALUES)(3,'Concert','Lenny kravitz','05/07/12','09/08/12');
INSERT INTO SPECTACLE(NUM_SPECT,NOM_CAT,NOM_SPECT,DATE_DEBUT_SPECT,DATE_FIN_SPECT) 
VALUES)(4,'Concert','Lady Gaga','22/09/12','04/10/12');
INSERT INTO SPECTACLE(NUM_SPECT,NOM_CAT,NOM_SPECT,DATE_DEBUT_SPECT,DATE_FIN_SPECT) 
VALUES)(5,'Concert','Guns N\'Roses','05/07/12','01/09/12');
INSERT INTO SPECTACLE(NUM_SPECT,NOM_CAT,NOM_SPECT,DATE_DEBUT_SPECT,DATE_FIN_SPECT) 
VALUES)(6,'Concert','Radiohead','10/07/12','16/10/12');
INSERT INTO SPECTACLE(NUM_SPECT,NOM_CAT,NOM_SPECT,DATE_DEBUT_SPECT,DATE_FIN_SPECT) 
VALUES)(7,'Spectacle','Florence Foresti','15/07/12','23/09/12');
INSERT INTO SPECTACLE(NUM_SPECT,NOM_CAT,NOM_SPECT,DATE_DEBUT_SPECT,DATE_FIN_SPECT) 
VALUES)(8,'Spectacle','Dracula','26/07/12','04/08/12');
INSERT INTO SPECTACLE(NUM_SPECT,NOM_CAT,NOM_SPECT,DATE_DEBUT_SPECT,DATE_FIN_SPECT) 
VALUES)(9,'Théâtre','Ils se re-aiment','23/07/12','07/06/13');
INSERT INTO SPECTACLE(NUM_SPECT,NOM_CAT,NOM_SPECT,DATE_DEBUT_SPECT,DATE_FIN_SPECT) 
VALUES)(10,'Théâtre','Les chevaliers du fiel','01/07/12','12/12/12');
INSERT INTO SPECTACLE(NUM_SPECT,NOM_CAT,NOM_SPECT,DATE_DEBUT_SPECT,DATE_FIN_SPECT) 
VALUES)(11,'Théâtre','Voca people','01/07/12','24/05/13');

-- -----------------------------------------------------------------------------
--       TABLE : ARTISTE
-- -----------------------------------------------------------------------------

INSERT INTO ARTISTE(NUM_ARTISTE,NOM_ARTISTE) VALUES(1,'Jonny Hallyday');
INSERT INTO ARTISTE(NUM_ARTISTE,NOM_ARTISTE) VALUES(2,'Lenny Kravitz');
INSERT INTO ARTISTE(NUM_ARTISTE,NOM_ARTISTE) VALUES(3,'Lady Gaga');
INSERT INTO ARTISTE(NUM_ARTISTE,NOM_ARTISTE) VALUES(4,'Axi Rose');
INSERT INTO ARTISTE(NUM_ARTISTE,NOM_ARTISTE) VALUES(5,'Thom Yorke');
INSERT INTO ARTISTE(NUM_ARTISTE,NOM_ARTISTE) VALUES(6,'Phil Selway');
INSERT INTO ARTISTE(NUM_ARTISTE,NOM_ARTISTE) VALUES(7,'Florence Foresti');
INSERT INTO ARTISTE(NUM_ARTISTE,NOM_ARTISTE) VALUES(8,'Marius Petipa');
INSERT INTO ARTISTE(NUM_ARTISTE,NOM_ARTISTE) VALUES(9,'Lev Ivanov');
INSERT INTO ARTISTE(NUM_ARTISTE,NOM_ARTISTE) VALUES(10,'Konstantin Sergueev');
INSERT INTO ARTISTE(NUM_ARTISTE,NOM_ARTISTE) VALUES(11,'Pitor Tchaikovski');
INSERT INTO ARTISTE(NUM_ARTISTE,NOM_ARTISTE) VALUES(12,'Ron Thal');
INSERT INTO ARTISTE(NUM_ARTISTE,NOM_ARTISTE) VALUES(13,'Tommy Stinson');
INSERT INTO ARTISTE(NUM_ARTISTE,NOM_ARTISTE) VALUES(14,'Frank Ferrer');
INSERT INTO ARTISTE(NUM_ARTISTE,NOM_ARTISTE) VALUES(15,'Jonny Greenwood');
INSERT INTO ARTISTE(NUM_ARTISTE,NOM_ARTISTE) VALUES(16,'Colin Greenwood');
INSERT INTO ARTISTE(NUM_ARTISTE,NOM_ARTISTE) VALUES(17,'Golan Yosef');
INSERT INTO ARTISTE(NUM_ARTISTE,NOM_ARTISTE) VALUES(18,'Nathalie Fauquette');
INSERT INTO ARTISTE(NUM_ARTISTE,NOM_ARTISTE) VALUES(19,'Gregory Deck');
INSERT INTO ARTISTE(NUM_ARTISTE,NOM_ARTISTE) VALUES(20,'Lola Ces');
INSERT INTO ARTISTE(NUM_ARTISTE,NOM_ARTISTE) VALUES(21,'Pierre Palmade');
INSERT INTO ARTISTE(NUM_ARTISTE,NOM_ARTISTE) VALUES(22,'Michele Laroque');
INSERT INTO ARTISTE(NUM_ARTISTE,NOM_ARTISTE) VALUES(23,'Eric Carriere');
INSERT INTO ARTISTE(NUM_ARTISTE,NOM_ARTISTE) VALUES(24,'Francis Ginibre');
INSERT INTO ARTISTE(NUM_ARTISTE,NOM_ARTISTE) VALUES(25,'Eyal Cohen');
INSERT INTO ARTISTE(NUM_ARTISTE,NOM_ARTISTE) VALUES(26,'Shimon Smith');
INSERT INTO ARTISTE(NUM_ARTISTE,NOM_ARTISTE) VALUES(27,'Moran Sofer');
INSERT INTO ARTISTE(NUM_ARTISTE,NOM_ARTISTE) VALUES(28,'Naama Levy');
INSERT INTO ARTISTE(NUM_ARTISTE,NOM_ARTISTE) VALUES(29,'Ofir Tal');
-- -----------------------------------------------------------------------------
--       TABLE : JOUER
-- -----------------------------------------------------------------------------

INSERT INTO JOUER(NUM_SPECT,NUM_ARTISTE) VALUES(1,8);
INSERT INTO JOUER(NUM_SPECT,NUM_ARTISTE) VALUES(1,9);
INSERT INTO JOUER(NUM_SPECT,NUM_ARTISTE) VALUES(1,10);
INSERT INTO JOUER(NUM_SPECT,NUM_ARTISTE) VALUES(1,11);
INSERT INTO JOUER(NUM_SPECT,NUM_ARTISTE) VALUES(2,1);
INSERT INTO JOUER(NUM_SPECT,NUM_ARTISTE) VALUES(3,2);
INSERT INTO JOUER(NUM_SPECT,NUM_ARTISTE) VALUES(4,3);
INSERT INTO JOUER(NUM_SPECT,NUM_ARTISTE) VALUES(5,4);
INSERT INTO JOUER(NUM_SPECT,NUM_ARTISTE) VALUES(5,12);
INSERT INTO JOUER(NUM_SPECT,NUM_ARTISTE) VALUES(5,13);
INSERT INTO JOUER(NUM_SPECT,NUM_ARTISTE) VALUES(5,14);
INSERT INTO JOUER(NUM_SPECT,NUM_ARTISTE) VALUES(6,5);
INSERT INTO JOUER(NUM_SPECT,NUM_ARTISTE) VALUES(6,15);
INSERT INTO JOUER(NUM_SPECT,NUM_ARTISTE) VALUES(6,16);
INSERT INTO JOUER(NUM_SPECT,NUM_ARTISTE) VALUES(6,6);
INSERT INTO JOUER(NUM_SPECT,NUM_ARTISTE) VALUES(7,7);
INSERT INTO JOUER(NUM_SPECT,NUM_ARTISTE) VALUES(8,17);
INSERT INTO JOUER(NUM_SPECT,NUM_ARTISTE) VALUES(8,18);
INSERT INTO JOUER(NUM_SPECT,NUM_ARTISTE) VALUES(8,19);
INSERT INTO JOUER(NUM_SPECT,NUM_ARTISTE) VALUES(8,20);
INSERT INTO JOUER(NUM_SPECT,NUM_ARTISTE) VALUES(9,21);
INSERT INTO JOUER(NUM_SPECT,NUM_ARTISTE) VALUES(9,22);
INSERT INTO JOUER(NUM_SPECT,NUM_ARTISTE) VALUES(10,23);
INSERT INTO JOUER(NUM_SPECT,NUM_ARTISTE) VALUES(10,24);
INSERT INTO JOUER(NUM_SPECT,NUM_ARTISTE) VALUES(11,25);
INSERT INTO JOUER(NUM_SPECT,NUM_ARTISTE) VALUES(11,26);
INSERT INTO JOUER(NUM_SPECT,NUM_ARTISTE) VALUES(11,27);
INSERT INTO JOUER(NUM_SPECT,NUM_ARTISTE) VALUES(11,28);
INSERT INTO JOUER(NUM_SPECT,NUM_ARTISTE) VALUES(11,29);

-- -----------------------------------------------------------------------------
--       TABLE : CATEGORIE_SPECTATEUR_TARIF
-- -----------------------------------------------------------------------------

INSERT INTO CATEGORIE_SPECTATEUR_TARIF(LIB_CAT_SPECT) VALUES('NORMAL');
INSERT INTO CATEGORIE_SPECTATEUR_TARIF(LIB_CAT_SPECT) VALUES('SENIOR');
INSERT INTO CATEGORIE_SPECTATEUR_TARIF(LIB_CAT_SPECT) VALUES('ETUDIANT');
INSERT INTO CATEGORIE_SPECTATEUR_TARIF(LIB_CAT_SPECT) VALUES('SPECIAL');
INSERT INTO CATEGORIE_SPECTATEUR_TARIF(LIB_CAT_SPECT) VALUES('PROMOTION WEB');

-- -----------------------------------------------------------------------------
--       TABLE : CONFIGURER
-- -----------------------------------------------------------------------------

INSERT INTO CONFIGURER(NUM_CONFIG,NUM_SALLE,NOM_POSITION,NUM_PLACE,RANG,LIB_CAT) VALUES();


-- -----------------------------------------------------------------------------
--       TABLE : CONFIGURER_NUMEROTE
-- -----------------------------------------------------------------------------

INSERT INTO CONFIGURER_NUMEROTE(NUM_CONFIG,NUM_SALLE,NOM_POSITION) VALUES();

-- -----------------------------------------------------------------------------
--       TABLE : TARIFER
-- -----------------------------------------------------------------------------

INSERT INTO TARIFER(NUM_SPECT,NUM_REPRESENTATION,LIB_CAT,LIB_CAT_SPECT,PRIX) VALUES();

-- -----------------------------------------------------------------------------
--       TABLE : AVOIR
-- -----------------------------------------------------------------------------

INSERT INTO AVOIR(NOM_GENRE,NUM_SPECT) VALUES();

-- -----------------------------------------------------------------------------
--       TABLE : CONFIGURER_LIBRE
-- -----------------------------------------------------------------------------

INSERT INTO CONFIGURER_LIBRE(NUM_CONFIG,NUM_SALLE,NOM_POSITION,LIB_CAT) VALUES();

-- -----------------------------------------------------------------------------
--       TABLE : CLIENT
-- -----------------------------------------------------------------------------

INSERT INTO CLIENT(EMAIL_CLIENT,NOM_CLIENT,PRENOM_CLIENT,
	NUM_RUE_CLIENT,RUE_CLIENT,CP_CLIENT,VILLE_CLIENT,
	PASSWORD,ADMINISTRATEUR) VALUES('toto@utbm.fr','Joker','Toto',12,
	'rue des plaisanteries',31000,'Toulouse','haha',0);\
INSERT INTO CLIENT(EMAIL_CLIENT,NOM_CLIENT,PRENOM_CLIENT,
	NUM_RUE_CLIENT,RUE_CLIENT,CP_CLIENT,VILLE_CLIENT,
	PASSWORD,ADMINISTRATEUR) VALUES('ronan@utbm.fr','Potage','Ronan',123,
	'bd Anatole France',90000,'Belfort','sade',1);
INSERT INTO CLIENT(EMAIL_CLIENT,NOM_CLIENT,PRENOM_CLIENT,
	NUM_RUE_CLIENT,RUE_CLIENT,CP_CLIENT,VILLE_CLIENT,
	PASSWORD,ADMINISTRATEUR) VALUES('johan@utbm.fr','BoleBesancon','Johan',444,
	'rue de la residence',90000,'Belfort','johan',0);
INSERT INTO CLIENT(EMAIL_CLIENT,NOM_CLIENT,PRENOM_CLIENT,
	NUM_RUE_CLIENT,RUE_CLIENT,CP_CLIENT,VILLE_CLIENT,
	PASSWORD,ADMINISTRATEUR) VALUES('anais@utbm.fr','Brossas','Anais',700,
	'bd Anatole France',90000,'Belfort','anais',0);

-- -----------------------------------------------------------------------------
--       TABLE : PUBLICITE
-- -----------------------------------------------------------------------------

INSERT INTO PUBLICITE(NUM_PUB,NUM_SPECT,NOM_PUB,DATE_DEBUT_PUB,DATE_FIN_PUB) 
VALUES(1,1,'Pub le lac des signes','24/10/12','03/11/12');
INSERT INTO PUBLICITE(NUM_PUB,NUM_SPECT,NOM_PUB,DATE_DEBUT_PUB,DATE_FIN_PUB) 
VALUES(2,2,'Pub jonny hallyday','26/07/12','05/08/12');
INSERT INTO PUBLICITE(NUM_PUB,NUM_SPECT,NOM_PUB,DATE_DEBUT_PUB,DATE_FIN_PUB) 
VALUES(3,9,'Pub ils se re-aiment','19/07/12','25/07/12');
INSERT INTO PUBLICITE(NUM_PUB,NUM_SPECT,NOM_PUB,DATE_DEBUT_PUB,DATE_FIN_PUB) 
VALUES(4,7,'Pub florence foresti','11/06/12','30/06/12');

-- -----------------------------------------------------------------------------
--       TABLE : PLACE_ASSISE
-- -----------------------------------------------------------------------------

INSERT INTO PLACE_ASSISE(NUM_SALLE,NOM_POSITION,NUM_PLACE,RANG,BLOC) VALUES();

-- -----------------------------------------------------------------------------
--       TABLE : RESERVATION
-- -----------------------------------------------------------------------------

INSERT INTO RESERVATION(NUM_RESERVATION,EMAIL_CLIENT,DATE_RESERVATION,
	MONTANT_FACTURE,NUM_TRANSACTION,DATE_TRANSACTION) VALUES();

-- -----------------------------------------------------------------------------
--       TABLE : POSITION
-- -----------------------------------------------------------------------------

INSERT INTO POSITION(NUM_SALLE,NOM_POSITION,CAPACITE_DEBOUT,CAPACITE_ASSISE) 
VALUES(1,'Gradins',0,950);
INSERT INTO POSITION(NUM_SALLE,NOM_POSITION,CAPACITE_DEBOUT,CAPACITE_ASSISE) 
VALUES(1,'Mezzanine',0,100);
INSERT INTO POSITION(NUM_SALLE,NOM_POSITION,CAPACITE_DEBOUT,CAPACITE_ASSISE) 
VALUES(1,'Balcon',0,150);
INSERT INTO POSITION(NUM_SALLE,NOM_POSITION,CAPACITE_DEBOUT,CAPACITE_ASSISE) 
VALUES(2,'Gradins',0,1000);
INSERT INTO POSITION(NUM_SALLE,NOM_POSITION,CAPACITE_DEBOUT,CAPACITE_ASSISE) 
VALUES(2,'Tribunes',0,500);
INSERT INTO POSITION(NUM_SALLE,NOM_POSITION,CAPACITE_DEBOUT,CAPACITE_ASSISE) 
VALUES(2,'Parterre',3500,0);
INSERT INTO POSITION(NUM_SALLE,NOM_POSITION,CAPACITE_DEBOUT,CAPACITE_ASSISE) 
VALUES(3,'Gradins',0,14000);
INSERT INTO POSITION(NUM_SALLE,NOM_POSITION,CAPACITE_DEBOUT,CAPACITE_ASSISE) 
VALUES(3,'Fosse',4000,0);
INSERT INTO POSITION(NUM_SALLE,NOM_POSITION,CAPACITE_DEBOUT,CAPACITE_ASSISE) 
VALUES(4,'Gradins',0,15000);
INSERT INTO POSITION(NUM_SALLE,NOM_POSITION,CAPACITE_DEBOUT,CAPACITE_ASSISE) 
VALUES(4,'Fosse',8000,0);
INSERT INTO POSITION(NUM_SALLE,NOM_POSITION,CAPACITE_DEBOUT,CAPACITE_ASSISE) 
VALUES(5,'2eme Balcon',0,200);
INSERT INTO POSITION(NUM_SALLE,NOM_POSITION,CAPACITE_DEBOUT,CAPACITE_ASSISE) 
VALUES(5,'loges 1er Balcon',0,150);
INSERT INTO POSITION(NUM_SALLE,NOM_POSITION,CAPACITE_DEBOUT,CAPACITE_ASSISE) 
VALUES(5,'1er Balcon',0,200);
INSERT INTO POSITION(NUM_SALLE,NOM_POSITION,CAPACITE_DEBOUT,CAPACITE_ASSISE) 
VALUES(5,'loges d\'orchestre',0,150);
INSERT INTO POSITION(NUM_SALLE,NOM_POSITION,CAPACITE_DEBOUT,CAPACITE_ASSISE) 
VALUES(5,'Orchestre',0,700);
INSERT INTO POSITION(NUM_SALLE,NOM_POSITION,CAPACITE_DEBOUT,CAPACITE_ASSISE) 
VALUES(6,'Gradins',0,4900);
INSERT INTO POSITION(NUM_SALLE,NOM_POSITION,CAPACITE_DEBOUT,CAPACITE_ASSISE) 
VALUES(6,'Parterre',0,3600);


-- -----------------------------------------------------------------------------
--       TABLE : BILLET_SPECTACLE
-- -----------------------------------------------------------------------------

INSERT INTO BILLET_SPECTACLE(NUM_SPECT,NUM_REPRESENTATION,NUM_BILLET,NUM_RESERVATION,
	LIB_CAT_SPECT,LIB_CAT,NUM_SALLE,NOM_POSITION,NUM_PLACE,RANG,PRIX) VALUES();

commit;